<quizzes>    <!-- Example quiz -->    <quiz theme="Theme6" premium="false">        <title>Example Quiz</title>        <description>Description of our quiz</description>        <questions shuffle="false">            <question-body><img src="http://192.168.1.126/media-uploader/tick_gold.png" />                <question>What is the capital of France?</question>                <answer>The capital of France is Paris.</answer>                <option>Rome</option>                <option correct="true">Paris</option>                <option>London</option>                <option>Berlin</option>            </question-body>            <question-body>                <question>What’s the largest planet in our solar system?</question>                <answer>Jupiter is the largest planet of our solar system.</answer>                <option correct="true">Jupiter</option>                <option>Saturn</option>                <option>Earth</option>                <option>Venus</option>            </question-body>        </questions>    </quiz> <!-- Insert your quizzes below this line --></quizzes>