<about theme="Theme13" premium="undefined">    <title>Quantum Online</title>    <author>Skali Studio</author>    <icon src="http://192.168.1.137/media-uploader/icon1.png" />    <content><button theme="light" link="https://stepanbrychta.com/">VISIT PERSONAL WEBSITE</button>        <hr /><img src="http://192.168.1.137/media-uploader/star.png" width="60" />        <p>If you like this app, please leave a review on the Google Play Store:</p><button theme="light" link="https://play.google.com/">RATE ON PLAY STORE</button>        <hr /><img src="http://192.168.1.137/media-uploader/email.png" width="60" />        <p>If you have a question or wish to report a mistake, feel free to contact me through email:</p><button theme="light" email="example@email.com">WRITE US AN EMAIL</button>        <hr /><img src="http://192.168.1.137/media-uploader/options.png" width="60" />    </content></about>