{
  "project_info": {
    "project_number": "566941348690",
    "firebase_url": "https://quantum-8fea0.firebaseio.com",
    "project_id": "quantum-8fea0",
    "storage_bucket": "quantum-8fea0.appspot.com"
  },
  "client": [
    {
      "client_info": {
        "mobilesdk_app_id": "1:566941348690:android:97d906aea4233aa574008b",
        "android_client_info": {
          "package_name": "brychta.stepan.quantum_project_online"
        }
      },
      "oauth_client": [
        {
          "client_id": "566941348690-12e73qllslei3ro7ka9srh7756ct2q1o.apps.googleusercontent.com",
          "client_type": 3
        }
      ],
      "api_key": [
        {
          "current_key": "AIzaSyBH1pmXjq--xDshiSSLX4q6ujokLwFhwoY"
        }
      ],
      "services": {
        "appinvite_service": {
          "other_platform_oauth_client": [
            {
              "client_id": "566941348690-12e73qllslei3ro7ka9srh7756ct2q1o.apps.googleusercontent.com",
              "client_type": 3
            }
          ]
        }
      }
    }
  ],
  "configuration_version": "1"
}